{
  "cases": [
    {
      "dataset": "realistic_medical",
      "case_index": 0,
      "class_ids": [
        1,
        2,
        3
      ],
      "metrics": {
        "one_shot": {
          "dice_per_class": {
            "1": 1.448435676953963e-10,
            "2": 2.1978022179958145e-10,
            "3": 1.7479460934222146e-10
          },
          "dice_mean": 1.798061283198038e-10,
          "hausdorff_per_class": {
            "1": 0.0,
            "2": 0.0,
            "3": 0.0
          },
          "inference_time": 3.0412739000166766
        },
        "in_context_tuning": {
          "dice_per_class": {
            "1": 1.449275421894214e-10,
            "2": 2.1987686671387507e-10,
            "3": 1.7479460934222146e-10
          },
          "dice_mean": 1.798663440411019e-10,
          "hausdorff_per_class": {
            "1": 0.0,
            "2": 0.0,
            "3": 0.0
          },
          "inference_time": 16.17681220002123
        }
      },
      "visualizations": {}
    },
    {
      "dataset": "realistic_medical",
      "case_index": 1,
      "class_ids": [
        1,
        2,
        3
      ],
      "metrics": {
        "one_shot": {
          "dice_per_class": {
            "1": 0.0004308489733375609,
            "2": 1.587553560833399e-10,
            "3": 0.002135991817340255
          },
          "dice_mean": 0.0008556136745028198,
          "hausdorff_per_class": {
            "1": 0.0,
            "2": 0.0,
            "3": 0.0
          },
          "inference_time": 2.237581900000805
        },
        "in_context_tuning": {
          "dice_per_class": {
            "1": 0.00043094181455671787,
            "2": 1.588057740864457e-10,
            "3": 0.002136752475053072
          },
          "dice_mean": 0.0008558981935493648,
          "hausdorff_per_class": {
            "1": 0.0,
            "2": 0.0,
            "3": 0.0
          },
          "inference_time": 15.370755999989342
        }
      },
      "visualizations": {}
    }
  ],
  "evaluation": {
    "in_distribution": {
      "realistic_medical": {
        "strategies": {
          "one_shot": {
            "dice_mean": 0.0024592873887741007,
            "dice_mean_runs_std": 0.002245692325232085,
            "dice_std": 0.007614629284944385,
            "dice_std_runs_std": 0.007024114078376442,
            "hausdorff_mean": 0.0,
            "hausdorff_mean_runs_std": 0.0,
            "hausdorff_std": 0.0,
            "hausdorff_std_runs_std": 0.0,
            "inference_time_mean": 2.316198437503772,
            "inference_time_mean_runs_std": 0.0401556625001831,
            "inference_time_std": 0.1510506818923456,
            "inference_time_std_runs_std": 0.021130412180879146,
            "memory_mb_mean": 0.0,
            "memory_mb_mean_runs_std": 0.0,
            "memory_mb_std": 0.0,
            "memory_mb_std_runs_std": 0.0,
            "per_class_dice": {
              "1": 0.00010765448001814719,
              "2": 0.006736874010447914,
              "3": 0.0005333337806019359
            },
            "per_class_hausdorff": {
              "1": 0.0,
              "2": 0.0,
              "3": 0.0
            }
          },
          "context_ensemble": {
            "dice_mean": 0.00027212206623516977,
            "dice_mean_runs_std": 0.00014694762649014592,
            "dice_std": 0.00045195982966106385,
            "dice_std_runs_std": 0.00017059380479622632,
            "hausdorff_mean": 0.0,
            "hausdorff_mean_runs_std": 0.0,
            "hausdorff_std": 0.0,
            "hausdorff_std_runs_std": 0.0,
            "inference_time_mean": 3.7808634625071136,
            "inference_time_mean_runs_std": 0.010718187502789078,
            "inference_time_std": 0.1819760538508301,
            "inference_time_std_runs_std": 0.028118398458321495,
            "memory_mb_mean": 0.0,
            "memory_mb_mean_runs_std": 0.0,
            "memory_mb_std": 0.0,
            "memory_mb_std_runs_std": 0.0,
            "per_class_dice": {
              "1": 5.3902772193052326e-05,
              "2": 0.0004959387524169582,
              "3": 0.00026652474755476524
            },
            "per_class_hausdorff": {
              "1": 0.0,
              "2": 0.0,
              "3": 0.0
            }
          },
          "object_retrieval": {
            "dice_mean": 0.0025047228700714186,
            "dice_mean_runs_std": 0.0021657895267708227,
            "dice_std": 0.007568210159661248,
            "dice_std_runs_std": 0.00695621149498038,
            "hausdorff_mean": 0.0,
            "hausdorff_mean_runs_std": 0.0,
            "hausdorff_std": 0.0,
            "hausdorff_std_runs_std": 0.0,
            "inference_time_mean": 2.826146412502567,
            "inference_time_mean_runs_std": 0.07851496250077616,
            "inference_time_std": 0.26079858924154636,
            "inference_time_std_runs_std": 0.09253999261489983,
            "memory_mb_mean": 0.0,
            "memory_mb_mean_runs_std": 0.0,
            "memory_mb_std": 0.0,
            "memory_mb_std_runs_std": 0.0,
            "per_class_dice": {
              "1": 0.00010780529669800025,
              "2": 0.006873313711743153,
              "3": 0.0005330493424508722
            },
            "per_class_hausdorff": {
              "1": 0.0,
              "2": 0.0,
              "3": 0.0
            }
          },
          "in_context_tuning": {
            "dice_mean": 0.0003207833142369054,
            "dice_mean_runs_std": 0.00010714951349655166,
            "dice_std": 0.0006853127561043948,
            "dice_std_runs_std": 9.47832886595279e-05,
            "hausdorff_mean": 0.0,
            "hausdorff_mean_runs_std": 0.0,
            "hausdorff_std": 0.0,
            "hausdorff_std_runs_std": 0.0,
            "inference_time_mean": 16.394038749993342,
            "inference_time_mean_runs_std": 0.5729771000005712,
            "inference_time_std": 0.6720827101108307,
            "inference_time_std_runs_std": 0.22175222541616998,
            "memory_mb_mean": 0.0,
            "memory_mb_mean_runs_std": 0.0,
            "memory_mb_std": 0.0,
            "memory_mb_std_runs_std": 0.0,
            "per_class_dice": {
              "1": 0.0001617311012872876,
              "2": 2.3210460116385168e-10,
              "3": 0.000800618604350406
            },
            "per_class_hausdorff": {
              "1": 0.0,
              "2": 0.0,
              "3": 0.0
            }
          }
        }
      }
    },
    "out_of_distribution": {
      "realistic_medical": {
        "strategies": {
          "one_shot": {
            "dice_mean": 0.004694781498983502,
            "dice_mean_runs_std": 0.00013322965241968632,
            "dice_std": 0.014702605083584785,
            "dice_std_runs_std": 0.00010234210640192032,
            "hausdorff_mean": 0.0,
            "hausdorff_mean_runs_std": 0.0,
            "hausdorff_std": 0.0,
            "hausdorff_std_runs_std": 0.0,
            "inference_time_mean": 2.3146203124997555,
            "inference_time_mean_runs_std": 0.0896295624988852,
            "inference_time_std": 0.09255799369994407,
            "inference_time_std_runs_std": 0.04705030978802295,
            "memory_mb_mean": 0.0,
            "memory_mb_mean_runs_std": 0.0,
            "memory_mb_std": 0.0,
            "memory_mb_std_runs_std": 0.0,
            "per_class_dice": {
              "1": 5.386790683869179e-05,
              "2": 0.013357227379075602,
              "3": 0.0006732492592276401
            },
            "per_class_hausdorff": {
              "1": 0.0,
              "2": 0.0,
              "3": 0.0
            }
          },
          "context_ensemble": {
            "dice_mean": 0.006809526355937123,
            "dice_mean_runs_std": 0.0023072611074894667,
            "dice_std": 0.01735327811911702,
            "dice_std_runs_std": 0.002667465712875128,
            "hausdorff_mean": 0.0,