{
  "in_distribution_improved_medical": {
    "one_shot": {
      "dice_mean": 0.4548080265522003,
      "dice_std": 0.13276392221450806,
      "inference_time": 0.027759537500017473
    },
    "context_ensemble": {
      "dice_mean": 0.45942550897598267,
      "dice_std": 0.1130484938621521,
      "inference_time": 0.12878578750000713
    },
    "object_retrieval": {
      "dice_mean": 0.4518783986568451,
      "dice_std": 0.17320134490728378,
      "inference_time": 0.01583942500001001
    },
    "in_context_tuning": {
      "dice_mean": 0.4480164051055908,
      "dice_std": 0.1693757325410843,
      "inference_time": 1.9932947875000053
    }
  },
  "out_of_distribution_improved_medical": {
    "one_shot": {
      "dice_mean": 0.46424728631973267,
      "dice_std": 0.1179957389831543,
      "inference_time": 0.01608006249998084
    },
    "context_ensemble": {
      "dice_mean": 0.4577384740114212,
      "dice_std": 0.15869539231061935,
      "inference_time": 0.11721484999998211
    },
    "object_retrieval": {
      "dice_mean": 0.459621325135231,
      "dice_std": 0.13999467343091965,
      "inference_time": 0.01597321250002892
    },
    "in_context_tuning": {
      "dice_mean": 0.4605339914560318,
      "dice_std": 0.09888344258069992,
      "inference_time": 1.9755891999999875
    }
  },
  "novel_classes_improved_medical": {
    "one_shot": {
      "dice_mean": 0.6124834716320038,
      "dice_std": 0.07314804941415787,
      "inference_time": 0.017930225000000632
    },
    "context_ensemble": {
      "dice_mean": 0.6104259788990021,
      "dice_std": 0.09960425272583961,
      "inference_time": 0.1179162625000032
    },
    "object_retrieval": {
      "dice_mean": 0.6098556816577911,
      "dice_std": 0.09288333356380463,
      "inference_time": 0.016329524999989076
    },
    "in_context_tuning": {
      "dice_mean": 0.6119493246078491,
      "dice_std": 0.0987657979130745,
      "inference_time": 1.332731824999982
    }
  }
}